Name,Album,Artist,URL
Diwali Deepaanni,Dhada,Devi Sri Prasad,https://open.spotify.com/track/5E68CmEBJp76VtnhpHndjK
"Jarra Jarra (From ""Valmiki"")","Jarra Jarra (From ""Valmiki"")",Mickey J. Meyer,https://open.spotify.com/track/1wVHlN2inEmT6f38MunqFi
"Jigelu Rani (From ""Rangasthalam"")",Jigelu Rani Dance Hits,Various Artists,https://open.spotify.com/track/6GDclaTy1Bxr0hHpToPrt8
Sakkubaai,Damarukam (Original Motion Picture Soundtrack),Devi Sri Prasad,https://open.spotify.com/track/74hKstEIQ5JHMMpuDro8tK
Veyira Cheyyi Veyira,Panjaa (Original Motion Picture Soundtrack),Yuvan Shankar Raja,https://open.spotify.com/track/28BfTlO4dOrJANnNWCJjJy
Poovai Poovai,Dookudu (Original Motion Picture Soundtrack),Thaman S,https://open.spotify.com/track/0l3eBsAGGnlnZ1ayHmp88C
"Ratthaalu (From ""Khaidi No 150"")",Jigelu Rani Dance Hits,Various Artists,https://open.spotify.com/track/3rNghvkV7cw81THI5AwuqV
Ippatikinka,Pokiri (Original Motion Picture Soundtrack),Mani Sharma,https://open.spotify.com/track/7eZnY5xCXHBhY7CqMW0pqt
Kevvu Keka,Gabbar Singh (Original Motion Picture Soundtrack),Devi Sri Prasad,https://open.spotify.com/track/0UHrw6OXHLyoq0BjNS6lz3
"Swing Zara (From ""Jai Lava Kusa"")","Swing Zara (From ""Jai Lava Kusa"")",Neha Bhasin,https://open.spotify.com/track/1SJOGijQV7cRrfLstfZHzE
,,Various Artists,https://open.spotify.com/track/2xr3uvrbq6OKCUX2puxj8q
Ringa Ringa,Aarya - 2 (Original Motion Picture Soundtrack),Devi Sri Prasad,https://open.spotify.com/track/3APiIzLQYIitzR8F3oG1fV
Welcome Kanakam,Baadshah (Original Motion Picture Soundtrack),Thaman S,https://open.spotify.com/track/107Q3BCiTG2UWg1IwzBLXP
Nellorae,Naayak (Original Motion Picture Soundtrack),Thaman S,https://open.spotify.com/track/1t4DzSeNyfsILVyi6FQnbj
Bad Boyz,Businessman (Original Motion Picture Soundtrack),Thaman S,https://open.spotify.com/track/6wkPM3uZEgsh0wz1Fha4ze
Mirchi,Mirchi (Original Motion Picture Soundtrack),Devi Sri Prasad,https://open.spotify.com/track/16ZESINIISGjA5CwM0mfSm
Pakka Local,Janatha Garage,Devi Sri Prasad,https://open.spotify.com/track/3oLSlzMt3SD5PYSMf1Aqo0
Iraga Iraga,Naa Peru Surya Naa Illu India,Vishal-Shekhar,https://open.spotify.com/track/5o5MuoOU2QHVVyWJdkTXGK
Naughty Girl,Shadow,Thaman S,https://open.spotify.com/track/3EuSnLTNvP8MGA7KkJ1zOW
Lasku Tapa,Legend,Devi Sri Prasad,https://open.spotify.com/track/4cQJ80t3zJNi4f91BnVH15
Door Number Okati,Oopiri,Gopi Sundar,https://open.spotify.com/track/5oyZumEp7fAIVnQhCKE6YZ
Allegro,Mallanna (Original Motion Picture Soundtrack),Devi Sri Prasad,https://open.spotify.com/track/0LGLY2G868X1XIBBaCkSG9
Naa Peru Meenakumari,Mallanna (Original Motion Picture Soundtrack),Devi Sri Prasad,https://open.spotify.com/track/5b7QK9cRc6FPNyhCLT83uw
Ippatikinka,Pokiri,Mani Sharma,https://open.spotify.com/track/5Y0fbLc9DWYYwcKF5DQPiw
Sakkubayiney,Chandamama,K M Radhakrishnan,https://open.spotify.com/track/4yDzLrYRH1vMSI1qjR8ymb
Joramochindhi,Cameraman Gangatho Rambabu,Mani Sharma,https://open.spotify.com/track/3exWcuBuks0szFwZTqKHUG
Diyalo Diyala,100% Love,Devi Sri Prasad,https://open.spotify.com/track/2atS1WwSGF1cCkWXW1Di6P
Aa Ante,Aarya,Devi Sri Prasad,https://open.spotify.com/track/0osnJEcmFX4tzO9MS8feMn
Adaragottu,Krishna,Chakri,https://open.spotify.com/track/5j0vpt2akAY5OrA5TwB4XQ
Akalesthey,Shankardada Zindabad,Devi Sri Prasad,https://open.spotify.com/track/6yVeYqlH4yUGgMFoBa1qlA
Akkad Bakkad,Super,Sandeep Chowta,https://open.spotify.com/track/0wAeZjTjifyy6vEmQOzcm5
Ammadu Let's Do Kummudu,Khaidi No 150,Devi Sri Prasad,https://open.spotify.com/track/4jy2ORlpTbFqI07KO3LgWI
Attantode,Desamudhuru,Chakri,https://open.spotify.com/track/6dNmv1fFBoLuDtd3aUrXDX
Ayyo Paapam,Yevadu,Devi Sri Prasad,https://open.spotify.com/track/0eDRyA1BkMnUBul3byhwAA
Bholo Ashta Lakshmi,Ragada,Thaman S,https://open.spotify.com/track/555d0iaIa173KumnrfnTXV
"Bommali (From ""Billa"")",Darling Prabhas Birthday Special Hit Songs 2019,Various Artists,https://open.spotify.com/track/72SEGDiR5zCUnFng3A5Rw5
Bujji Pilla,Potugadu,Achu,https://open.spotify.com/track/7ABOmdodkYVeTMEGPUp5aa
"Bulreddy (From ""Sita"")",Kajal Aggarwal Hits 2019 Birthday Special,Various Artists,https://open.spotify.com/track/2wypQ0nSbH2XHhP4Hi4wyO
Bullet,George Reddy (Original Motion Picture Soundtrack),Suresh Bobbili,https://open.spotify.com/track/1xKzEU01wRyVEHhJvXPTP5
Chamakkuro,Munna,Harris Jayaraj,https://open.spotify.com/track/3hErJDyvJemqQ4MOCLKAgO
Bombhaat,LIE,Mani Sharma,https://open.spotify.com/track/0VcO1SA3oUKl1qHSUc6LxQ
Chinnadamme Cheekulu,Simhadri,M. M. Keeravaani,https://open.spotify.com/track/1iepqUF2V6KdXeas6V6Gwm
Chuk Chuk,Thulasi,Devi Sri Prasad,https://open.spotify.com/track/4joqGBMmU2MAd90ggIMeNP
"Daang Daang (From ""Sarileru Neekevvaru"")","Daang Daang (From ""Sarileru Neekevvaru"")",Nakash Aziz,https://open.spotify.com/track/3qhq4cn3We0CXDIi44ckHa
Dikka Dikka Dum Dum,Soggade Chinni Nayana,Anup Rubens,https://open.spotify.com/track/0RCoXnxYnUzHGvHrzHq9Dt
Dochey,Komaram Puli (Original Motion Picture Soundtrack),A.R. Rahman,https://open.spotify.com/track/53T0p1fjpiOBYTvlrPTnoW
KICK,Kick 2,Thaman S,https://open.spotify.com/track/0nS3ySUkNRW51tabOIjZYT
London Babu,No 1 Nenokkadine,Devi Sri Prasad,https://open.spotify.com/track/3nxB7XVdaJJjULzABMBQ6o
"Mind Block (From ""Sarileru Neekevvaru"")","Mind Block (From ""Sarileru Neekevvaru"")",Blaaze,https://open.spotify.com/track/15tCasit297c9SsbU3R95d
Muppy Aaru,Jagadam,Devi Sri Prasad,https://open.spotify.com/track/6mR0BpcRggfmcqNk1wFPmr
Notanki Notanki,Power,Thaman S,https://open.spotify.com/track/14cgVG7f2p1HzNYr4rOXTq
Nuvvu Vijilesthey,Simhadri,M. M. Keeravaani,https://open.spotify.com/track/21tbMUtePJKaOT5pSKQPYW
Oororo Yogi,Yogi,Ramana Gogula,https://open.spotify.com/track/2H6aGuQCchI1Qa4eUb51Ua
Pathikella Sundhari,Balupu,Thaman S,https://open.spotify.com/track/4F2p8L4DOL0OlvJ9xDhfWJ
Pimple Dimple,Yevadu,Devi Sri Prasad,https://open.spotify.com/track/4TjRZSNivRDpGKDOL0SlSx
Rakhi Rakhi,Rakhi,Devi Sri Prasad,https://open.spotify.com/track/3dn0RtihJaiPDszn9QG00S
Ratthaalu,Khaidi No 150,Devi Sri Prasad,https://open.spotify.com/track/49bXxI5G1fTOuVRr56s5fr
Rowdy Baby,Maari 2 (Telugu) (Original Motion Picture Soundtrack),Yuvan Shankar Raja,https://open.spotify.com/track/7i0Fee6bIqMcj4VyO4gnPN
Silakaaa,Mirapakay,Thaman S,https://open.spotify.com/track/4bZzxStIsy6VJqhrS1rXvN
Suyaa Suyaa,Winner,Thaman S,https://open.spotify.com/track/2HeD7Hz3csePItxLc1NxYX
Silakemo,Venky,Devi Sri Prasad,https://open.spotify.com/track/4oDLTpHhYT61aV0RscA9rs
Sur Super,Loukyam,Anup Rubens,https://open.spotify.com/track/4KqxBTEZ2KLy9UVSdy3Ecz
Veyira Cheyyi Veyira,Panjaa,Yuvan Shankar Raja,https://open.spotify.com/track/5z2QHBeHThZ4l8EtRQzQoJ
"Appadipodu (From ""Gilli"")","Sweet Voice of Anuradha Sriram, Vol.2",Anuradha Sriram,https://open.spotify.com/track/3fyHDjLeNJIblGEiWzQbIS
Adhaaru Adhaaru,Yennai Arindhaal (Original Motion Picture Soundtrack),Harris Jayaraj,https://open.spotify.com/track/0Ps7lWZdj1NAuyAVumclyC
Baavalu Sayya,Bava Bavamaridhi,Raj-Koti,https://open.spotify.com/track/19jQ9bElMeLFkzbbyMwAbX
Mannela Tintivira,Chatrapathi,M. M. Keeravaani,https://open.spotify.com/track/1kFxV0TAuFQaGUTsKUEB8M
"Bhoom Bhaddhal (From ""Krack"")","Bhoom Bhaddhal (From ""Krack"")",Mangli,https://open.spotify.com/track/6pM9FJtp8Bc3bEacpqbcCH
"Dinchak (From ""Red"")","Dinchak (From ""Red"")",Keerthana Sharma,https://open.spotify.com/track/0iT2FnhutL3yJh7DXy1SOG
